'Index';'Force [N]';'Crosshead [mm]';'epsXX [%]';'epsYY [%]'
1;9,567261;31,703300;0,000000;0,000000
2;4,447937;31,703300;0,003105;-0,002351
3;91,529846;31,716108;0,002675;0,003252
4;90,255737;31,712914;0,004559;0,002719
5;90,255737;-0,004053;0,008037;0,002557
6;92,811584;-0,004053;0,000206;0,002414
7;101,776123;-0,002451;-0,000093;0,001329
8;123,550415;-0,000849;-0,001319;0,001966
9;158,134460;0,002356;0,001642;0,004447
10;202,957153;0,008755;0,001193;0,007217
11;258,026123;0,015163;0,000047;0,008949
12;315,658569;0,023165;-0,000068;0,012745
13;374,572754;0,029573;-0,002364;0,014909
14;427,078247;0,034370;-0,002605;0,017821
15;482,154846;0,042372;-0,007519;0,018002
16;529,541016;0,050383;0,003607;0,019745
17;576,927185;0,055180;0,001431;0,023406
18;624,313354;0,061588;-0,002048;0,023547
19;666,572571;0,067987;0,000105;0,026860
20;710,121155;0,074396;-0,000792;0,027031
21;751,106262;0,080795;0,001210;0,029106
22;786,964417;0,088806;0,000731;0,030804
23;826,667786;0,093603;-0,000027;0,032572
24;861,244202;0,100012;-0,002726;0,034154
25;895,820618;0,108013;0,001531;0,035051
26;927,841187;0,114412;0,000914;0,034643
27;957,298279;0,119219;0,002122;0,037664
28;989,318848;0,127220;0,002393;0,038581
29;1018,775940;0,135231;-0,002883;0,039683
30;1046,951294;0,140028;0,001027;0,041262
31;1076,408386;0,146437;0,000871;0,042796
32;1099,456787;0,154438;0,000865;0,043754
33;1126,350403;0,160847;-0,001471;0,045005
34;1146,842957;0,167246;-0,001920;0,046798
35;1171,180725;0,175247;-0,001129;0,046775
36;1190,391541;0,181656;0,001676;0,045645
37;1210,876465;0,189657;0,001652;0,045724
38;1232,650757;0,196066;0,001128;0,050824
39;1255,706787;0,202465;0,001197;0,049772
40;1273,635864;0,207272;-0,000298;0,050508
41;1292,846680;0,215273;0,000740;0,050368
42;1312,057495;0,221682;-0,001472;0,052296
43;1332,550049;0,226479;0,000046;0,052786
44;1351,760864;0,234480;-0,001233;0,054783
45;1368,408203;0,240889;-0,003204;0,054083
46;1383,773804;0,247288;-0,002968;0,053455
47;1401,710510;0,255299;-0,000131;0,056481
48;1415,794373;0,263300;-0,001154;0,056802
49;1432,441711;0,268106;0,001182;0,055810
50;1446,533203;0,276108;-0,000573;0,056976
51;1460,617065;0,282507;0,000129;0,056553
52;1477,272034;0,288916;0,000818;0,057828
53;1490,074158;0,295315;0,003391;0,059295
54;1504,165649;0,298519;0,001847;0,059132
55;1518,249512;0,308123;0,000110;0,059740
56;1531,059265;0,314531;0,002000;0,060913
57;1543,869019;0,322533;-0,000360;0,060841
58;1556,671143;0,328941;-0,002375;0,060276
59;1568,199158;0,333738;-0,001407;0,061414
60;1581,008911;0,341740;-0,001607;0,061177
61;1591,255188;0,348148;-0,000888;0,061537
62;1598,937988;0,352955;-0,002249;0,062289
63;1605,339050;0,360956;-0,001351;0,062277
64;1611,747742;0,370560;-0,001932;0,062674
65;1615,585327;0,375366;0,000973;0,062941
66;1620,712280;0,381765;0,001881;0,062612
67;1625,831604;0,388174;-0,004980;0,060698
68;1630,958557;0,394573;-0,005045;0,062222
69;1636,077881;0,400982;-0,002530;0,063014
70;1636,077881;0,407381;0,000243;0,063472
71;1637,359619;0,413780;-0,000693;0,063209
72;1638,641357;0,420189;-0,000961;0,063120
73;1637,359619;0,428190;0,001361;0,063380
74;1637,359619;0,434599;-0,000493;0,062979
75;1637,359619;0,439396;-0,004246;0,061895
76;1637,359619;0,450602;-0,001431;0,062513
77;1637,359619;0,455408;-0,002548;0,062685
78;1636,077881;0,463409;-0,002303;0,063273
79;1636,077881;0,468216;-0,004248;0,061066
80;1636,077881;0,476217;-0,004128;0,063735
81;1636,077881;0,481024;-0,003112;0,061319
82;1637,359619;0,490627;-0,003909;0,061629
83;1636,077881;0,495434;-0,000920;0,062314
84;1636,077881;0,501833;-0,001020;0,063299
85;1641,204834;0,509834;-0,000423;0,065056
86;1647,605896;0,516243;-0,001970;0,063972
87;1655,288696;0,521040;0,000204;0,064114
88;1666,816711;0,529051;-0,001002;0,064576
89;1671,936035;0,533848;-0,000252;0,064674
90;1678,344727;0,541859;0,001458;0,065235
91;1686,027527;0,548258;-0,006045;0,063894
92;1691,146851;0,554667;-0,002203;0,065342
93;1696,273804;0,561066;-0,001076;0,065508
94;1702,674866;0,569067;-0,001002;0,063317
95;1706,520081;0,575476;-0,001111;0,067307
96;1711,639404;0,581875;-0,000864;0,066561
97;1720,603943;0,588284;-0,000859;0,066199
98;1729,568481;0,594683;-0,001415;0,066240
99;1737,251282;0,601091;-0,003006;0,066069
100;1747,497559;0,607491;-0,001325;0,066604
101;1756,462097;0,615501;-0,002097;0,068174
102;1766,708374;0,621901;-0,001429;0,069174
103;1778,236389;0,629902;-0,000211;0,069036
104;1788,482666;0,634708;-0,000684;0,069378
105;1796,165466;0,642710;-0,000829;0,069622
106;1807,693481;0,649118;-0,001080;0,069366
107;1817,939758;0,655518;-0,002179;0,069778
108;1825,622559;0,660324;-0,000111;0,070341
109;1833,305359;0,668325;-0,000827;0,071219
110;1844,833374;0,674734;-0,000494;0,072049
111;1856,361389;0,682735;0,001375;0,072845
112;1869,171143;0,689135;-0,000308;0,073279
113;1884,536743;0,693941;0,003666;0,072781
114;1899,902344;0,703545;-0,001182;0,074395
115;1920,394897;0,709953;-0,001818;0,075739
116;1939,605713;0,714750;-0,001285;0,075902
117;1960,098267;0,721159;-0,000626;0,078361
118;1978,027344;0,727558;-0,000986;0,078708
119;1993,400574;0,735569;0,000546;0,078224
120;2011,329651;0,741968;0,000825;0,080909
121;2025,413513;0,749969;-0,007035;0,078625
122;2040,786743;0,757980;-0,002581;0,080149
123;2056,152344;0,762777;0,003290;0,080716
124;2071,525574;0,769186;0,001974;0,082795
125;2086,891174;0,775585;-0,007432;0,083055
126;2102,256775;0,780392;-0,007178;0,082646
127;2121,467590;0,788393;0,008317;0,085918
128;2138,122559;0,796394;-0,003229;0,085341
129;2157,333374;0,801201;-0,000392;0,083926
130;2175,262451;0,807610;-0,000167;0,083353
131;2194,473267;0,814009;-0,001554;0,085494
132;2211,120605;0,822010;0,003033;0,088628
133;2227,767944;0,830021;0,000322;0,088477
134;2245,697021;0,836420;0,000125;0,089212
135;2259,788513;0,841227;-0,001221;0,089222
136;2277,717590;0,847626;-0,001404;0,089256
137;2296,928406;0,855627;-0,000807;0,089996
138;2314,857483;0,862036;-0,001116;0,089599
139;2336,631775;0,868435;0,001346;0,090722
140;2354,560852;0,876446;-0,000867;0,090756
141;2375,053406;0,882845;-0,003650;0,090997
142;2394,264221;0,889254;-0,000287;0,092625
143;2413,475037;0,897255;-0,000595;0,094223
144;2433,967590;0,902061;-0,003731;0,094871
145;2455,734253;0,910063;-0,000098;0,096386
146;2472,389221;0,916462;-0,000123;0,095800
147;2494,155884;0,922871;0,000562;0,096283
148;2513,366699;0,929270;-0,000223;0,097894
149;2531,295776;0,935678;-0,005311;0,097758
150;2551,788330;0,942078;0,003959;0,099606
151;2570,999146;0,948486;-0,001650;0,101285
152;2592,773438;0,954885;0,000252;0,102968
153;2611,984253;0,962896;-0,002723;0,102492
154;2633,758545;0,970898;-0,001858;0,103909
155;2652,969360;0,975695;-0,000536;0,103182
156;2672,180176;0,982103;0,000177;0,104828
157;2695,228577;0,990105;0,000591;0,105205
158;2715,721130;0,996513;-0,003197;0,104458
159;2736,213684;1,004515;-0,002764;0,107636
160;2759,269714;1,010923;-0,001386;0,108889
161;2777,198792;1,014118;0,000097;0,110518
162;2800,247192;1,022129;-0,003292;0,109055
163;2820,739746;1,026926;-0,000339;0,109846
164;2845,077515;1,034937;-0,000695;0,110358
165;2865,570068;1,041336;0,000434;0,111839
166;2887,336731;1,047735;-0,005987;0,111708
167;2909,111023;1,055746;-0,005729;0,113005
168;2930,885315;1,060543;0,000175;0,114258
169;2956,497192;1,066952;-0,000969;0,113719
170;2976,989746;1,074953;-0,003881;0,115277
171;3000,038147;1,081362;-0,001637;0,115113
172;3024,375916;1,089363;-0,004375;0,116584
173;3047,431946;1,097364;-0,001554;0,116747
174;3070,480347;1,102171;-0,002647;0,119959
175;3093,536377;1,110172;-0,007344;0,121026
176;3116,584778;1,114979;-0,001532;0,124964
177;3138,359070;1,121378;0,001040;0,122325
178;3161,415100;1,129389;-0,000945;0,123945
179;3185,745239;1,135788;-0,000479;0,123597
180;3208,801270;1,143789;-0,002090;0,123766
181;3231,849670;1,148596;-0,006354;0,123343
182;3254,905701;1,154995;-0,001193;0,126152
183;3279,235840;1,161404;-0,001118;0,127808
184;3302,291870;1,167803;-0,000445;0,129234
185;3326,622009;1,177416;-0,003192;0,129280
186;3349,678040;1,180611;-0,006243;0,129598
187;3375,289917;1,188622;-0,005011;0,127951
188;3398,345947;1,195021;-0,002215;0,131610
189;3422,676086;1,203022;-0,000986;0,131173
190;3447,013855;1,209431;-0,003652;0,132219
191;3471,343994;1,214237;-0,002643;0,135866
192;3494,400024;1,222239;-0,001059;0,135820
193;3521,293640;1,228638;-0,002885;0,136370
194;3544,349670;1,236649;-0,001704;0,137180
195;3568,679810;1,243048;-0,002879;0,137688
196;3595,573425;1,251049;-0,000310;0,139120
197;3619,911194;1,254253;-0,005226;0,138527
198;3644,241333;1,260662;-0,004252;0,140149
199;3667,297363;1,270266;-0,000977;0,142248
200;3694,190979;1,275063;-0,006149;0,144173
201;3719,802856;1,281471;-0,000151;0,150143
202;3745,422363;1,286268;-0,004061;0,146255
203;3769,752502;1,295881;0,003155;0,148848
204;3795,364380;1,300678;0,000859;0,148864
205;3819,702148;1,308689;-0,004702;0,148939
206;3847,877502;1,315088;-0,002888;0,148930
207;3870,925903;1,321497;-0,005094;0,149230
208;3896,545410;1,329498;-0,003254;0,153694
209;3922,157288;1,334295;-0,001453;0,153637
210;3947,769165;1,342306;-0,001218;0,152478
211;3975,952148;1,348705;-0,003429;0,154725
212;4000,282288;1,355114;-0,005544;0,153232
213;4027,175903;1,361513;-0,002177;0,156362
214;4051,513672;1,367922;-0,004503;0,158075
215;4077,125549;1,375923;-0,001400;0,158945
216;4104,019165;1,382322;-0,002802;0,159942
217;4129,631042;1,387129;-0,002255;0,160118
218;4159,088135;1,395130;-0,001732;0,160654
219;4182,144165;1,401539;-0,008227;0,160812
220;4209,037781;1,409540;-0,005639;0,161244
221;4235,931396;1,415949;-0,002232;0,164995
222;4262,832642;1,420746;-0,003962;0,166887
223;4289,726257;1,428757;-0,004387;0,165064
224;4316,619873;1,435156;-0,001803;0,166752
225;4346,076965;1,441565;-0,004293;0,170208
226;4371,688843;1,449566;-0,004499;0,169330
227;4398,582458;1,454363;-0,005696;0,170411
228;4425,483704;1,462374;-0,004379;0,172309
229;4452,377319;1,467171;-0,003948;0,171698
230;4480,552673;1,473579;-0,005500;0,173057
231;4506,164551;1,481581;-0,017201;0,172609
232;4533,058167;1,487989;-0,005126;0,174921
233;4559,951782;1,492786;-0,006597;0,177581
234;4588,134766;1,500797;-0,004121;0,176868
235;4616,310120;1,507196;-0,009665;0,179721
236;4643,203735;1,513596;-0,004038;0,179419
237;4671,379089;1,520004;-0,005910;0,177385
238;4698,272705;1,528006;-0,008013;0,182004
239;4725,166321;1,534414;-0,004480;0,184531
240;4752,059937;1,540813;-0,004117;0,180791
241;4781,517029;1,548824;-0,004893;0,185260
242;4809,692383;1,553621;-0,005267;0,186523
243;4835,311890;1,561623;-0,005045;0,184656
244;4863,487244;1,568031;-0,002042;0,186636
245;4891,662598;1,574430;-0,004092;0,189229
246;4918,556213;1,580839;-0,004073;0,190929
247;4946,731567;1,588840;-0,008681;0,191251
248;4976,188660;1,595249;-0,005615;0,191846
249;5003,082275;1,600046;-0,003657;0,194198
250;5031,257629;1,606455;-0,005697;0,194347
251;5060,714722;1,614456;-0,005840;0,194902
252;5087,608337;1,620865;-0,007399;0,195796
253;5115,783691;1,627264;-0,007969;0,197998
254;5143,959045;1,633663;-0,007381;0,198637
255;5173,416138;1,641674;-0,003415;0,199549
256;5201,591492;1,648073;-0,007888;0,200431
257;5231,048584;1,656084;-0,013810;0,202032
258;5257,949829;1,659279;-0,005066;0,204199
259;5288,681030;1,668892;-0,004976;0,204337
260;5315,574646;1,675291;-0,004544;0,206040
261;5343,757629;1,683292;-0,006330;0,206724
262;5374,488831;1,688099;-0,008145;0,207647
263;5403,945923;1,696100;-0,005171;0,209725
264;5430,839539;1,700907;-0,004712;0,211165
265;5461,578369;1,707306;-0,007341;0,211315
266;5489,753723;1,715317;-0,006603;0,212414
267;5519,210815;1,721716;-0,003828;0,213960
268;5548,667908;1,724920;-0,006942;0,213912
269;5579,406738;1,734524;-0,007820;0,213942
270;5606,300354;1,740923;-0,006283;0,216165
271;5637,039185;1,748934;-0,003320;0,218515
272;5666,496277;1,753731;-0,007000;0,219937
273;5695,953369;1,761742;-0,008133;0,220561
274;5724,128723;1,768141;-0,007059;0,223355
275;5753,585815;1,774549;-0,007591;0,222805
276;5783,042908;1,780949;-0,006567;0,223470
277;5813,774109;1,787357;-0,007938;0,224236
278;5843,231201;1,795359;-0,005733;0,225805
279;5872,688293;1,801758;-0,006157;0,226730
280;5900,863647;1,806564;-0,007586;0,228784
281;5932,884216;1,814566;-0,004781;0,229220
282;5962,341309;1,822577;-0,003756;0,229927
283;5993,080139;1,828976;-0,006238;0,232131
284;6022,537231;1,835384;-0,008451;0,231946
285;6051,994324;1,841784;-0,006841;0,235352
286;6084,007263;1,848192;-0,007690;0,235395
287;6116,027832;1,854591;-0,006915;0,235665
288;6145,484924;1,862593;-0,008491;0,236492
289;6173,660278;1,869001;-0,009353;0,237869
290;6204,399109;1,875401;-0,007800;0,240439
291;6233,856201;1,881809;-0,008122;0,240163
292;6265,869141;1,886606;-0,013476;0,240820
293;6295,326233;1,896210;-0,008278;0,239494
294;6324,783325;1,902618;-0,013527;0,241666
295;6354,240417;1,909018;-0,007388;0,244537
296;6386,260986;1,915426;-0,008530;0,248743
297;6415,718079;1,920223;-0,008002;0,250241
298;6447,731018;1,929836;-0,012268;0,248874
299;6477,188110;1,936235;-0,007913;0,249469
300;6507,926941;1,942644;-0,009884;0,251818
301;6539,947510;1,950645;-0,010420;0,252527
302;6570,678711;1,955452;-0,006661;0,253040
303;6601,417542;1,961851;-0,008836;0,254487
304;6630,874634;1,966658;-0,007516;0,256579
305;6661,613464;1,973057;-0,011005;0,257612
306;6693,626404;1,981058;-0,010261;0,257757
307;6726,928711;1,987467;-0,009284;0,260231
308;6756,385803;1,995468;-0,007977;0,260146
309;6788,406372;2,001877;-0,010568;0,259842
310;6819,137573;2,006674;-0,008954;0,261108
311;6849,876404;2,014685;-0,009437;0,262307
312;6881,896973;2,021084;-0,011669;0,260972
313;6912,635803;2,029085;-0,011895;0,266808
314;6944,648743;2,035494;-0,008367;0,267344
315;6976,669312;2,041893;-0,008881;0,266927
316;7007,408142;2,048302;-0,003802;0,268640
317;7039,421082;2,054701;-0,009573;0,270502
318;7071,441650;2,061110;-0,007843;0,270728
319;7102,180481;2,069111;-0,010894;0,272838
320;7134,193420;2,075520;-0,010476;0,271423
321;7167,495728;2,081919;-0,011518;0,273813
322;7196,952820;2,089920;-0,008042;0,276713
323;7230,247498;2,096329;-0,009386;0,277499
324;7263,549805;2,102728;-0,009764;0,278773
325;7294,288635;2,109137;-0,008504;0,279694
326;7325,019836;2,115536;-0,006692;0,283946
327;7358,322144;2,121944;-0,008994;0,286729
328;7390,342712;2,128344;-0,012499;0,284438
329;7422,355652;2,137947;-0,012559;0,287054
330;7451,812744;2,142754;-0,012467;0,286509
331;7485,115051;2,149153;-0,009983;0,287813
332;7515,853882;2,153959;-0,009013;0,287296
333;7550,430298;2,161961;-0,012613;0,288643
334;7582,450867;2,169971;-0,008574;0,290760
335;7614,463806;2,176371;-0,011419;0,291097
336;7646,484375;2,182779;-0,015350;0,292569
337;7678,504944;2,189178;-0,013535;0,293298
338;7710,517883;2,197180;-0,007221;0,293945
339;7743,820190;2,201986;-0,011947;0,296724
340;7775,833130;2,208385;-0,013421;0,296709
341;7809,135437;2,213192;-0,009726;0,298603
342;7843,711853;2,222795;-0,011176;0,300445
343;7874,450684;2,227602;-0,011098;0,302502
344;7906,471252;2,235603;-0,010844;0,304014
345;7941,047668;2,242012;-0,011868;0,304756
346;7973,068237;2,248411;-0,009239;0,306862
347;8006,362915;2,256413;-0,013110;0,307501
348;8038,383484;2,262821;-0,010083;0,307979
349;8072,959900;2,267618;-0,016990;0,307691
350;8103,698730;2,277231;-0,011221;0,310038
351;8137,001038;2,283630;-0,011593;0,309543
352;8171,577454;2,290039;-0,014022;0,312461
353;8204,879761;2,294836;-0,012668;0,314478
354;8236,892700;2,301245;-0,011899;0,314999
355;8271,476746;2,309246;-0,012545;0,314988
356;8303,489685;2,315645;-0,014962;0,315061
357;8338,073730;2,323656;-0,010083;0,318230
358;8372,650146;2,328453;-0,014071;0,319487
359;8403,388977;2,336464;-0,013855;0,321106
360;8437,965393;2,342863;-0,015510;0,321887
361;8471,267700;2,349272;-0,017433;0,320954
362;8504,562378;2,358875;-0,013244;0,322019
363;8537,864685;2,363672;-0,011625;0,325560
364;8572,441101;2,370081;-0,017911;0,325304
365;8608,299255;2,376480;-0,015574;0,328672
366;8639,038086;2,382889;-0,013238;0,332194
367;8674,896240;2,390890;-0,012913;0,332658
368;8708,198547;2,395697;-0,014626;0,332881
369;8740,219116;2,405300;-0,011507;0,336435
370;8774,795532;2,410107;-0,013695;0,334401
371;8808,090210;2,416506;-0,011270;0,337189
372;8841,392517;2,424507;-0,014621;0,338654
373;8875,968933;2,427711;-0,012381;0,340395
374;8909,271240;2,435713;-0,012245;0,339010
375;8942,565918;2,440519;-0,014098;0,340846
376;8975,868225;2,446918;-0,016252;0,343749
377;9007,888794;2,454929;-0,016222;0,342961
378;9042,465210;2,462931;-0,011719;0,344197
379;9078,323364;2,469339;-0,014827;0,343827
380;9111,625671;2,475739;-0,012646;0,349486
381;9144,920349;2,482147;-0,017522;0,349325
382;9179,504395;2,490149;-0,017536;0,348369
383;9214,080811;2,496548;-0,013295;0,348073
384;9247,383118;2,502956;-0,017101;0,352104
385;9280,677795;2,507753;-0,007624;0,352990
386;9316,535950;2,517366;-0,017051;0,355813
387;9349,838257;2,522163;-0,011934;0,359826
388;9385,696411;2,528572;-0,016272;0,355049
389;9420,280457;2,536573;-0,009646;0,359106
390;9452,293396;2,544575;-0,008487;0,359860
391;9488,151550;2,549381;-0,018442;0,358113
392;9521,453857;2,557383;-0,013353;0,363767
393;9557,312012;2,562189;-0,014819;0,363014
394;9590,614319;2,570190;-0,014494;0,364167
395;9626,472473;2,578192;-0,013573;0,364208
396;9659,767151;2,582998;-0,012867;0,368317
397;9694,351196;2,591000;-0,015287;0,371569
398;9728,927612;2,595806;-0,016249;0,370974
399;9763,511658;2,602205;-0,011474;0,372267
400;9798,088074;2,610216;-0,012448;0,371935
401;9831,390381;2,616615;-0,013986;0,374692
402;9867,248535;2,623024;-0,013331;0,377158
403;9901,824951;2,629423;-0,016297;0,377498
404;9936,408997;2,637434;-0,016259;0,378527
405;9970,985413;2,642231;-0,011843;0,380238
406;10006,843567;2,651834;-0,015303;0,380657
407;10040,145874;2,656641;-0,015489;0,382041
408;10074,722290;2,663040;-0,016578;0,382963
409;10110,580444;2,672653;-0,015978;0,384963
410;10145,164490;2,677450;-0,015608;0,387916
411;10179,740906;2,682257;-0,016088;0,387179
412;10216,880798;2,690258;-0,012256;0,388220
413;10248,901367;2,696667;-0,014982;0,389708
414;10283,477783;2,703066;-0,015371;0,390451
415;10318,061829;2,709465;-0,015457;0,393201
416;10355,201721;2,715874;-0,014822;0,392581
417;10389,778137;2,723875;-0,013780;0,392841
418;10425,636292;2,728682;-0,017088;0,394289
419;10460,220337;2,738285;-0,015877;0,396185
420;10496,078491;2,743092;-0,016227;0,399647
421;10529,380798;2,749491;-0,015718;0,399586
422;10566,520691;2,757492;-0,016282;0,399479
423;10599,815369;2,765503;-0,014778;0,403004
424;10634,399414;2,770300;-0,018827;0,403793
425;10671,539307;2,776709;-0,016020;0,404406
426;10706,115723;2,784710;-0,017891;0,403761
427;10740,699768;2,789516;-0,010135;0,410310
428;10776,557922;2,795916;-0,018324;0,410506
429;10811,134338;2,802324;-0,014850;0,410847
430;10846,992493;2,810326;-0,017365;0,412831
431;10881,576538;2,816734;-0,012792;0,412555
432;10918,716431;2,823133;-0,019539;0,413815
433;10952,011108;2,832737;-0,017526;0,417286
434;10987,876892;2,837543;-0,014325;0,418443
435;11023,735046;2,842340;-0,022078;0,419491
436;11057,029724;2,850351;-0,018018;0,418657
437;11095,451355;2,856750;-0,017663;0,421230
438;11130,035400;2,863159;-0,016503;0,424127
439;11165,893555;2,871161;-0,017697;0,424428
440;11203,033447;2,877560;-0,015686;0,425221
441;11238,891602;2,883968;-0,019215;0,426781
442;11273,475647;2,891970;-0,022328;0,425487
443;11309,333801;2,898378;-0,014605;0,429906
444;11345,191956;2,903175;-0,017702;0,430228
445;11381,057739;2,911186;-0,015396;0,431907
446;11415,634155;2,915983;-0,018131;0,432639
447;11452,774048;2,920790;-0,015156;0,433464
448;11488,632202;2,928791;-0,019365;0,434097
449;11524,497986;2,936792;-0,015445;0,437361
450;11560,356140;2,943201;-0,016966;0,438859
451;11596,214294;2,948008;-0,015475;0,442263
452;11632,072449;2,956009;-0,017314;0,447016
453;11667,938232;2,964010;-0,021599;0,441120
454;11701,232910;2,970419;-0,022984;0,440640
455;11738,372803;2,976818;-0,017994;0,441402
456;11775,512695;2,984819;-0,019348;0,445116
457;11812,652588;2,991228;-0,017981;0,447464
458;11848,518372;2,996035;-0,019011;0,450222
459;11884,376526;3,004036;-0,019784;0,447718
460;11920,234680;3,010435;-0,018567;0,450398
461;11956,092834;3,016844;-0,019838;0,452369
462;11991,958618;3,023243;-0,017704;0,453502
463;12029,098511;3,029652;-0,018885;0,454921
464;12067,520142;3,037653;-0,018662;0,456523
465;12102,096558;3,044062;-0,018831;0,458905
466;12139,236450;3,050461;-0,020555;0,457244
467;12175,102234;3,056860;-0,019603;0,462325
468;12210,960388;3,063269;-0,018304;0,464177
469;12246,818542;3,071270;-0,018699;0,464253
470;12282,676697;3,079281;-0,017920;0,466855
471;12321,098328;3,084078;-0,020113;0,467612
472;12356,964111;3,090487;-0,017171;0,467353
473;12391,540527;3,098488;-0,017148;0,468291
474;12428,680420;3,104887;-0,020748;0,469288
475;12467,102051;3,111296;-0,018579;0,471025
476;12502,960205;3,117695;-0,020149;0,471634
477;12540,100098;3,124104;-0,017446;0,473961
478;12577,247620;3,130503;-0,020895;0,475526
479;12613,105774;3,136911;-0,021372;0,474653
480;12650,245667;3,144913;-0,019605;0,476916
481;12686,103821;3,151321;-0,021528;0,479324
482;12723,243713;3,154516;-0,017654;0,478685
483;12760,383606;3,162527;-0,021639;0,477743
484;12797,531128;3,170528;-0,020214;0,480899
485;12834,671021;3,173733;-0,021379;0,482175
486;12871,810913;3,183336;-0,023997;0,486096
487;12910,232544;3,191338;-0,022993;0,485566
488;12944,808960;3,196144;-0,021610;0,487250
489;12981,948853;3,204145;-0,020082;0,490773
490;13017,814636;3,208952;-0,022499;0,489018
491;13056,236267;3,216953;-0,023128;0,490018
492;13093,376160;3,224955;-0,014180;0,494431
493;13131,797791;3,231363;-0,020159;0,495826
494;13167,655945;3,236160;-0,018941;0,496545
495;13204,795837;3,244171;-0,022678;0,497232
496;13241,935730;3,250570;-0,019909;0,496566
497;13279,075623;3,258581;-0,022411;0,499683
498;13316,215515;3,263378;-0,021321;0,502100
499;13353,355408;3,269787;-0,023348;0,503788
500;13389,221191;3,277788;-0,014467;0,502839
501;13428,924561;3,284187;-0,020488;0,503933
502;13464,782715;3,292198;-0,020469;0,504340
503;13500,640869;3,298597;-0,021188;0,508097
504;13537,780762;3,305006;-0,017596;0,512658
505;13576,202393;3,311405;-0,020081;0,511338
506;13612,060547;3,316212;-0,026796;0,514619
507;13650,482178;3,324213;-0,021070;0,513030
508;13687,629700;3,330622;-0,027400;0,516085
509;13723,487854;3,337021;-0,018528;0,517424
510;13759,346008;3,345022;-0,018988;0,519056
511;13800,331116;3,349829;-0,021955;0,518914
512;13836,189270;3,356228;-0,022380;0,521341
513;13874,610901;3,365841;-0,022813;0,521119
514;13911,750793;3,370638;-0,020713;0,524912
515;13950,172424;3,378649;-0,025011;0,526318
516;13987,312317;3,385048;-0,022323;0,527686
517;14024,452209;3,389854;-0,022427;0,528580
518;14061,592102;3,396254;-0,021501;0,531020
519;14100,013733;3,404255;-0,009962;0,528966
520;14135,879517;3,409061;-0,021869;0,528573
521;14173,019409;3,417063;-0,021243;0,532121
522;14210,159302;3,423471;-0,026230;0,532218
523;14251,144409;3,429871;-0,021474;0,532822
524;14287,002563;3,434677;-0,028346;0,536954
525;14324,142456;3,442678;-0,022190;0,539212
526;14361,282349;3,449087;-0,023839;0,542266
527;14398,422241;3,457088;-0,022298;0,540976
528;14436,843872;3,463488;-0,020151;0,539861
529;14475,265503;3,469896;-0,023061;0,541533
530;14511,123657;3,474703;-0,018940;0,544936
531;14552,108765;3,482704;-0,023659;0,545345
532;14589,248657;3,490705;-0,023144;0,548470
533;14625,114441;3,497114;-0,023299;0,549680
534;14666,091919;3,503513;-0,022722;0,550254
535;14703,231812;3,511515;-0,021626;0,551614
536;14741,653442;3,516321;-0,021147;0,553829
537;14777,519226;3,522730;-0,020715;0,555869
538;14815,940857;3,530731;-0,023848;0,554700
539;14854,362488;3,538733;-0,025751;0,557038
540;14891,502380;3,543539;-0,023040;0,556054
541;14932,479858;3,551540;-0,021225;0,558897
542;14969,627380;3,557949;-0,026031;0,560577
543;15009,323120;3,564348;-0,023257;0,563456
544;15043,907166;3,570747;-0,024302;0,562932
545;15083,610535;3,577156;-0,024259;0,565587
546;15120,750427;3,585157;-0,025060;0,565989
547;15160,453796;3,589964;-0,023064;0,568306
548;15196,311951;3,597965;-0,025257;0,568161
549;15236,015320;3,604374;-0,025013;0,571456
550;15274,436951;3,610773;-0,022997;0,571687
551;15311,576843;3,618774;-0,022718;0,573892
552;15351,280212;3,623581;-0,022826;0,574208
553;15390,975952;3,628387;-0,024111;0,575726
554;15429,397583;3,636389;-0,022556;0,576731
555;15466,545105;3,642788;-0,026238;0,578492
556;15503,684998;3,650799;-0,023652;0,577698
557;15540,824890;3,655596;-0,022389;0,581549
558;15583,084106;3,662004;-0,027203;0,581662
559;15620,231628;3,670006;-0,021435;0,581427
560;15657,371521;3,674812;-0,024741;0,585675
561;15697,074890;3,684416;-0,028492;0,583676
562;15735,488892;3,690815;-0,024304;0,587254
563;15775,192261;3,695621;-0,022137;0,589837
564;15813,613892;3,703623;-0,025000;0,591255
565;15850,753784;3,711634;-0,021341;0,591993
566;15889,175415;3,714828;-0,028054;0,592015
567;15930,160522;3,721237;-0,029388;0,595030
568;15966,018677;3,729239;-0,024743;0,596859
569;16007,003784;3,734045;-0,019932;0,598144
570;16044,143677;3,742046;-0,024538;0,602380
571;16081,283569;3,748455;-0,023949;0,601252
572;16120,986938;3,756456;-0,025909;0,603227
573;16160,690308;3,762856;-0,022918;0,603878
574;16201,675415;3,769264;-0,022728;0,605170
575;16237,533569;3,774061;-0,023083;0,607047
576;16277,236938;3,783674;-0,026197;0,605956
577;16315,658569;3,790073;-0,027376;0,609505
578;16352,798462;3,796482;-0,025498;0,609416
579;16392,501831;3,802881;-0,023928;0,611360
580;16429,641724;3,809290;-0,028261;0,613330
581;16470,626831;3,817291;-0,024054;0,613663
582;16509,048462;3,823690;-0,026390;0,614629
583;16547,470093;3,830099;-0,026329;0,615873
584;16585,891724;3,834896;-0,025781;0,618833
585;16625,587463;3,842907;-0,026061;0,620207
586;16664,009094;3,849306;-0,025569;0,620504
587;16702,430725;3,855715;-0,025821;0,623037
588;16742,134094;3,862114;-0,025434;0,625621
589;16780,555725;3,868523;-0,023096;0,629784
590;16817,695618;3,874922;-0,025834;0,628031
591;16858,680725;3,881330;-0,025326;0,627242
592;16897,102356;3,889332;-0,025980;0,630086
593;16936,805725;3,895731;-0,025956;0,632117
594;16977,790833;3,903742;-0,027721;0,632757
595;17014,930725;3,908539;-0,023627;0,634543
596;17054,634094;3,916550;-0,029111;0,633067
597;17093,055725;3,922949;-0,026829;0,633372
598;17134,033203;3,929358;-0,025628;0,637766
599;17169,898987;3,935757;-0,028870;0,637870
600;17213,439941;3,942156;-0,026483;0,637772
601;17250,579834;3,948565;-0,026314;0,643503
602;17289,001465;3,956566;-0,024831;0,645051
603;17328,704834;3,961372;-0,025220;0,646868
604;17367,126465;3,969374;-0,024154;0,648530
605;17406,829834;3,975782;-0,024371;0,649207
606;17446,533203;3,982182;-0,029489;0,652011
607;17487,510681;3,990183;-0,029260;0,649401
608;17524,658203;3,994989;-0,026307;0,651523
609;17565,635681;4,002991;-0,032108;0,652508
610;17604,057312;4,011002;-0,025576;0,656357
611;17643,760681;4,017401;-0,024604;0,657423
612;17683,464050;4,022207;-0,029963;0,655896
613;17721,885681;4,030209;-0,029147;0,659536
614;17760,307312;4,036617;-0,026303;0,660658
615;17801,292419;4,044619;-0,025958;0,661496
616;17839,714050;4,049416;-0,027738;0,662393
617;17880,691528;4,055824;-0,036535;0,660508
618;17920,394897;4,062223;-0,029901;0,665338
619;17960,098267;4,070234;-0,025599;0,669481
620;17995,956421;4,076633;-0,024657;0,665551
621;18038,223267;4,084644;-0,028336;0,667353
622;18077,926636;4,091043;-0,026016;0,670804
623;18117,630005;4,095850;-0,027961;0,670003
624;18156,051636;4,102249;-0,028140;0,673925
625;18198,310852;4,110250;-0,027110;0,676336
626;18236,732483;4,116659;-0,029792;0,675973
627;18276,435852;4,121456;-0,027846;0,677721
628;18317,420959;4,129467;-0,028126;0,681985
629;18355,842590;4,135866;-0,028954;0,682616
630;18396,820068;4,140673;-0,030232;0,682938
631;18435,241699;4,150276;-0,025768;0,682886
632;18474,945068;4,155083;-0,028208;0,684019
633;18515,930176;4,163084;-0,027385;0,686530
634;18554,351807;4,167891;-0,024475;0,687142
635;18595,336914;4,175892;-0,028203;0,689221
636;18635,032654;4,183893;-0,028238;0,692785
637;18676,017761;4,190302;-0,027127;0,694589
638;18714,439392;4,196701;-0,028791;0,696925
639;18754,142761;4,204702;-0,027446;0,697211
640;18793,846130;4,211111;-0,025015;0,699320
641;18834,831238;4,217510;-0,026453;0,701864
642;18874,526978;4,222317;-0,028276;0,701762
643;18912,948608;4,230318;-0,027365;0,702799
644;18952,651978;4,236727;-0,030107;0,703368
645;18993,637085;4,243126;-0,028480;0,705018
646;19034,622192;4,249535;-0,029211;0,706520
647;19074,325562;4,257536;-0,029901;0,708438
648;19114,021301;4,260740;-0,026125;0,709581
649;19153,724670;4,271946;-0,031133;0,710729
650;19195,991516;4,276743;-0,026589;0,712538
651;19235,694885;4,283152;-0,029819;0,714007
652;19275,398254;4,289551;-0,030156;0,714295
653;19313,819885;4,295959;-0,028301;0,715313
654;19354,797363;4,303961;-0,028955;0,716406
655;19395,782471;4,310369;-0,026474;0,719081
656;19435,485840;4,315166;-0,027623;0,720738
657;19476,470947;4,323177;-0,029941;0,722514
658;19516,166687;4,331179;-0,031126;0,722459
659;19558,433533;4,335985;-0,032254;0,725891
660;19595,573425;4,342384;-0,027920;0,729216
661;19636,558533;4,347191;-0,028773;0,730539
662;19677,536011;4,355192;-0,030429;0,726646
663;19718,521118;4,363194;-0,032731;0,731629
664;19758,224487;4,369602;-0,026372;0,736412
665;19797,927856;4,374399;-0,030497;0,733934
666;19838,912964;4,382410;-0,029976;0,736714
667;19877,334595;4,390411;-0,031102;0,738200
668;19919,593811;4,396811;-0,029328;0,739402
669;19958,015442;4,403219;-0,027637;0,739518
670;20000,282288;4,409618;-0,028354;0,741670
671;20041,259766;4,416027;-0,029584;0,741704
672;20079,681396;4,424028;-0,031417;0,744366
673;20120,666504;4,428835;-0,035307;0,743810
674;20161,651611;4,436836;-0,032656;0,745465
675;20203,910828;4,443245;-0,029085;0,747592
676;20242,332458;4,449644;-0,027960;0,749911
677;20283,317566;4,456043;-0,030029;0,750233
678;20326,866150;4,464054;-0,032626;0,752243
679;20366,561890;4,470453;-0,024891;0,757184
680;20407,546997;4,476862;-0,032915;0,755206
681;20447,250366;4,483261;-0,027793;0,755186
682;20488,235474;4,491272;-0,048252;0,756801
683;20527,938843;4,496069;-0,032632;0,759250
684;20567,634583;4,502478;-0,036264;0,760113
685;20608,619690;4,508877;-0,028238;0,760261
686;20648,323059;4,516878;-0,027518;0,762719
687;20689,308167;4,524889;-0,031080;0,760875
688;20729,011536;4,531288;-0,026722;0,766157
689;20771,270752;4,539299;-0,036675;0,764591
690;20812,255859;4,544096;-0,029622;0,768073
691;20850,677490;4,550505;-0,034161;0,769464
692;20891,662598;4,556904;-0,028566;0,773241
693;20932,640076;4,563303;-0,026080;0,773199
694;20972,343445;4,569712;-0,031508;0,772964
695;21014,610291;4,579315;-0,032646;0,774639
696;21055,587769;4,582520;-0,030225;0,777500
697;21095,291138;4,588919;-0,031728;0,778077
698;21136,276245;4,595327;-0,031575;0,778730
699;21177,261353;4,601727;-0,032546;0,781343
700;21216,964722;4,611330;-0,033152;0,783283
701;21260,505676;4,614534;-0,029552;0,785597
702;21300,209045;4,622545;-0,030819;0,785606
703;21338,630676;4,630547;-0,030989;0,788462
704;21382,171631;4,635344;-0,031242;0,789811
705;21423,156738;4,643354;-0,028534;0,790522
706;21461,578369;4,649754;-0,030566;0,792421
707;21505,119324;4,657764;-0,031740;0,794850
708;21543,540955;4,662561;-0,030743;0,795063
709;21587,089539;4,668970;-0,032222;0,797620
710;21626,792908;4,676971;-0,031768;0,797739
711;21669,052124;4,683371;-0,033839;0,798432
712;21707,473755;4,688177;-0,032241;0,800157
713;21749,740601;4,696178;-0,031231;0,802441
714;21789,443970;4,704189;-0,031906;0,803915
715;21830,421448;4,712191;-0,034302;0,806182
716;21872,688293;4,715395;-0,031301;0,806295
717;21911,109924;4,723396;-0,033401;0,808224
718;21953,376770;4,728203;-0,031018;0,809707
719;21994,354248;4,736204;-0,033575;0,811538
720;22035,339355;4,742613;-0,031268;0,812027
721;22076,324463;4,749012;-0,032916;0,812599
722;22116,027832;4,757013;-0,031663;0,815388
723;22157,005310;4,765024;-0,028050;0,816129
724;22199,272156;4,771423;-0,044543;0,814553
725;22240,257263;4,777832;-0,029085;0,818670
726;22282,516479;4,784231;-0,030826;0,819750
727;22322,219849;4,790630;-0,041325;0,820052
728;22364,486694;4,797039;-0,032477;0,824164
729;22404,190063;4,805040;-0,037784;0,826489
730;22446,449280;4,809847;-0,027159;0,825737
731;22487,434387;4,814644;-0,033215;0,829908
732;22529,693604;4,822655;-0,029478;0,831837
733;22570,678711;4,829054;-0,033590;0,831021
734;22609,100342;4,835463;-0,035774;0,832124
735;22651,367188;4,843464;-0,033349;0,834813
736;22692,344666;4,849873;-0,028924;0,839274
737;22733,329773;4,854670;-0,031716;0,837426
738;22774,314880;4,862671;-0,035375;0,837843
739;22814,018250;4,869080;-0,033196;0,838755
740;22857,559204;4,875479;-0,031983;0,839270
741;22898,544312;4,881887;-0,031320;0,842600
742;22940,803528;4,889889;-0,035720;0,843920
743;22980,506897;4,896297;-0,032704;0,847223
744;23022,773743;4,904299;-0,032840;0,849092
745;23065,032959;4,910698;-0,035495;0,850015
746;23104,736328;4,918709;-0,031375;0,852269
747;23145,721436;4,923506;-0,035047;0,853267
748;23186,706543;4,929914;-0,032836;0,854032
749;23226,409912;4,937916;-0,034314;0,853942
750;23269,950867;4,944324;-0,035708;0,857293
751;23308,372498;4,950724;-0,032659;0,857716
752;23350,639343;4,957132;-0,032124;0,856281
753;23391,616821;4,963531;-0,036592;0,857641
754;23433,883667;4,971533;-0,033181;0,862022
755;23476,150513;4,977942;-0,033418;0,865001
756;23515,846252;4,984341;-0,032907;0,865022
757;23558,113098;4,992352;-0,032082;0,866421
758;23597,816467;4,998751;-0,034639;0,867683
759;23640,075684;5,005159;-0,035918;0,867987
760;23682,342529;5,011559;-0,036020;0,868841
761;23722,045898;5,016365;-0,037516;0,872790
762;23763,031006;5,024366;-0,032941;0,872393
763;23806,571960;5,032368;-0,037499;0,872911
764;23846,275330;5,038776;-0,037188;0,873528
765;23887,260437;5,043573;-0,030671;0,877799
766;23928,237915;5,049982;-0,040422;0,878899
767;23969,223022;5,054779;-0,033432;0,882121
768;24011,489868;5,062790;-0,037166;0,882442
769;24053,749084;5,069189;-0,032145;0,884249
770;24094,734192;5,077200;-0,028560;0,885526
771;24136,993408;5,085201;-0,034217;0,886356
772;24177,978516;5,088406;-0,034239;0,886672
773;24221,527100;5,098009;-0,037009;0,887660
774;24261,222839;5,102806;-0,035511;0,890525
775;24300,926208;5,110817;-0,037477;0,891175
776;24343,193054;5,115614;-0,033810;0,892805
777;24385,452271;5,122023;-0,035807;0,893982
778;24425,155640;5,130024;-0,034811;0,894104
779;24468,704224;5,136433;-0,036090;0,897593
780;24510,963440;5,144434;-0,036303;0,898714
781;24553,230286;5,149240;-0,036854;0,900419
782;24594,215393;5,157242;-0,032813;0,903026
783;24636,474609;5,162039;-0,036842;0,903709
784;24677,459717;5,171652;-0,036603;0,904604
785;24719,726562;5,176449;-0,032991;0,907330
786;24759,422302;5,182858;-0,036804;0,910467
787;24801,689148;5,189257;-0,033143;0,911216
788;24842,674255;5,197258;-0,036091;0,912228
789;24884,933472;5,203667;-0,034717;0,913077
790;24927,200317;5,211668;-0,034409;0,914974
791;24968,185425;5,216475;-0,034615;0,914732
792;25009,162903;5,222874;-0,035451;0,916620
793;25051,429749;5,230885;-0,037746;0,917919
794;25092,414856;5,237284;-0,034895;0,919024
795;25133,392334;5,243692;-0,035665;0,921482
796;25174,377441;5,250092;-0,037015;0,922164
797;25217,918396;5,256500;-0,036691;0,923865
798;25258,903503;5,262899;-0,035617;0,925016
799;25301,170349;5,270901;-0,035819;0,926902
800;25344,711304;5,274105;-0,036232;0,928403
801;25386,978149;5,282106;-0,036138;0,930710
802;25426,681519;5,288515;-0,037699;0,931642
803;25470,222473;5,296516;-0,035561;0,929412
804;25509,925842;5,301323;-0,035943;0,934126
805;25550,910950;5,307722;-0,035558;0,936107
806;25595,733643;5,315733;-0,035726;0,936525
807;25635,437012;5,320530;-0,036486;0,939118
808;25678,977966;5,328541;-0,034358;0,940741
809;25719,963074;5,333338;-0,036942;0,941282
810;25762,229919;5,341339;-0,038037;0,942727
811;25803,207397;5,349350;-0,036202;0,944362
812;25844,192505;5,355749;-0,036198;0,946330
813;25886,459351;5,363760;-0,036319;0,947117
814;25928,718567;5,370159;-0,038622;0,948848
815;25970,985413;5,374966;-0,039019;0,949920
816;26011,962891;5,382967;-0,037043;0,951439
817;26054,229736;5,389366;-0,037021;0,953541
818;26096,496582;5,397377;-0,036717;0,954578
819;26137,474060;5,402174;-0,037884;0,955623
820;26181,022644;5,410185;-0,035472;0,958517
821;26220,726013;5,414982;-0,040016;0,960618
822;26262,985229;5,424585;-0,037552;0,959996
823;26305,252075;5,429392;-0,039582;0,961141
824;26350,074768;5,437393;-0,035126;0,965511
825;26391,059875;5,445404;-0,040394;0,966340
826;26432,044983;5,448599;-0,036348;0,965207
827;26473,022461;5,456610;-0,038666;0,970042
828;26516,571045;5,463009;-0,033717;0,970187
829;26557,548523;5,471020;-0,036011;0,968962
830;26599,815369;5,475817;-0,036926;0,976033
831;26642,082214;5,483828;-0,037911;0,977478
832;26684,341431;5,491829;-0,036041;0,976984
833;26726,608276;5,496626;-0,032640;0,976063
834;26768,867493;5,503035;-0,041192;0,976982
835;26812,416077;5,511036;-0,034917;0,980965
836;26853,401184;5,515842;-0,039795;0,981163
837;26893,096924;5,522242;-0,038799;0,985047
838;26936,645508;5,530252;-0,036920;0,985858
839;26978,904724;5,535049;-0,040582;0,986932
840;27022,453308;5,543060;-0,036983;0,987769
841;27065,994263;5,551062;-0,035287;0,988730
842;27106,979370;5,557461;-0,035203;0,991940
843;27149,246216;5,563869;-0,035241;0,993146
844;27190,223694;5,570269;-0,038239;0,993918
845;27232,490540;5,576677;-0,037308;0,995659
846;27276,031494;5,583076;-0,037823;0,996518
847;27317,016602;5,589485;-0,039368;0,997813
848;27361,839294;5,595884;-0,037112;1,000945
849;27402,824402;5,603886;-0,031869;1,001463
850;27445,091248;5,608692;-0,039927;1,003435
851;27486,068726;5,616693;-0,039555;1,004686
852;27530,899048;5,623102;-0,034514;1,005992
853;27571,876526;5,627899;-0,037792;1,007799
854;27612,861633;5,635910;-0,034990;1,008553
855;27653,846741;5,643911;-0,037770;1,010819
856;27696,105957;5,651913;-0,040319;1,010680
857;27739,654541;5,658321;-0,039326;1,013250
858;27780,639648;5,664721;-0,039122;1,015817
859;27822,898865;5,669527;-0,035797;1,016322
860;27866,447449;5,677528;-0,039615;1,017923
861;27907,424927;5,682335;-0,035610;1,018654
862;27950,973511;5,690336;-0,036315;1,020248
863;27990,676880;5,696745;-0,039831;1,022359
864;28034,217834;5,703144;-0,029456;1,024379
865;28076,484680;5,709553;-0,049358;1,022134
866;28120,025635;5,715952;-0,035638;1,026655
867;28161,010742;5,723953;-0,038978;1,028365
868;28203,269958;5,730362;-0,039575;1,028341
869;28245,536804;5,738363;-0,037463;1,030420
870;28289,077759;5,744772;-0,033436;1,031192
871;28330,062866;5,751171;-0,038576;1,033190
872;28372,329712;5,759182;-0,034217;1,033656
873;28414,588928;5,762377;-0,038567;1,034620
874;28456,855774;5,768785;-0,035701;1,035521
875;28497,840881;5,776787;-0,050052;1,037044
876;28540,100098;5,781593;-0,036203;1,039548
877;28583,648682;5,789595;-0,043041;1,039488
878;28625,907898;5,795994;-0,044947;1,041329
879;28664,329529;5,804005;-0,039030;1,046398
880;28709,159851;5,808802;-0,039239;1,047368
881;28748,855591;5,815210;-0,037836;1,048426
882;28789,840698;5,823212;-0,045973;1,048335
883;28834,663391;5,829620;-0,039680;1,049223
884;28875,648499;5,837622;-0,038888;1,052313
885;28917,915344;5,847225;-0,038339;1,054077
886;28961,456299;5,852032;-0,040691;1,053625
887;29003,723145;5,856829;-0,037501;1,058827
888;29044,708252;5,863237;-0,040962;1,059913
889;29085,685730;5,871239;-0,038476;1,062015
890;29129,234314;5,877647;-0,038607;1,062201
891;29171,493530;5,884047;-0,042226;1,062448
892;29213,760376;5,890455;-0,040544;1,066364
893;29254,745483;5,898457;-0,037905;1,066175
894;29297,004700;5,903254;-0,040119;1,065679
895;29339,271545;5,909662;-0,034295;1,067598
896;29380,249023;5,917664;-0,039288;1,067944
897;29421,234131;5,924072;-0,041401;1,069225
898;29464,782715;5,930471;-0,042993;1,071944
899;29505,760193;5,938482;-0,037944;1,070226
900;29548,027039;5,943279;-0,039694;1,077150
901;29591,567993;5,949688;-0,042353;1,078470
902;29632,553101;5,959291;-0,041626;1,079688
903;29674,819946;5,965691;-0,037587;1,082557
904;29717,079163;5,972099;-0,041819;1,080057
905;29758,064270;5,978498;-0,039929;1,083435
906;29797,767639;5,984907;-0,032750;1,085898
907;29841,308594;5,991306;-0,042017;1,086642
908;11390,022278;5,997715;0,059952;0,160396
909;-10,925293;5,999308;0,026357;0,031583
910;-10,925293;6,000910;0,004004;0,012614
911;-5,798340;6,000910;0,004286;0,013952
912;8,285522;6,000910;0,008571;0,014479
913;8,285522;6,000910;0,004244;0,013343
